{
  "serializationVersion": 2,
  "settingsParts": [
    {
      "suppressions": [],
      "suppressAppStoreWarnings": false,
      "showSuppressionInfo": true,
      "type": "Mendix.Modeler.Suppressions.SuppressionRules, Mendix.Modeler.Core, Version=9.6.2.30227, Culture=neutral, PublicKeyToken=null"
    },
    {
      "suppressions": [],
      "disabledBestPractices": [],
      "readRecommendations": [],
      "suppressedRecommendations": [],
      "type": "Mendix.Modeler.MxAssist.PerformanceBot.Serialization.Configuration.PerformanceBotConfiguration, Mendix.Modeler.MxAssist.PerformanceBot.Serialization, Version=9.6.2.30227, Culture=neutral, PublicKeyToken=null"
    }
  ]
}